name,source,gender,wikidata,type
"Bennington Street",wikidata,,Q1754313,way
"California Street",wikidata,,Q99,way
"Chattanooga Street",wikidata,,Q1477050,way
"Dolores Street",wikidata,,Q1000321,way
"Fair Oaks Street",wikidata,,Q1550466,way
"Jersey Street",wikidata,,Q1408,way
"Lombard Street",wikidata,,Q15242635,way
"Ramona Avenue",wikidata,,Q2326609,way
"San Francisco – Oakland Bay Bridge",wikidata,,Q62;Q17042;Q232264,way
"Twin Peaks Boulevard",wikidata,,Q1344297,way
"United Nations Plaza",wikidata,,Q1065,relation
"Vicksburg Street",wikidata,,Q1066253,way
"Wawona Street",wikidata,,Q3460942,way
1,,,,way
10,,,,way
"10th Avenue",,,,way
"10th Street",,,,way
11,,,,way
"11th Avenue",,,,way
"11th Street",,,,way
12,,,,way
"123 Market Plaza",,,,way
"12th Avenue",,,,way
"12th Street",,,,way
13,,,,way
"13th Street",,,,way
14,,,,way
"14th Avenue",,,,way
"14th Street",,,,way
15,,,,way
"15th Avenue",,,,way
"15th Street",,,,way
16,,,,way
"16th Avenue",,,,way
"16th Avenue Tiled Steps",,,,way
"16th Street",,,,way
17,,,,way
"17th Avenue",,,,way
"17th Street",,,,way
18,,,,way
"18th Avenue",,,,way
"18th Street",,,,way
19,,,,way
"19th Avenue",,,,way
"19th Street",,,,relation+way
"19th Street;Mono Street",,,,way
"1st Street",,,,way
2,,,,way
20,,,,way
"20th Avenue",,,,way
"20th Street",,,,way
21,,,,way
"21st Avenue",,,,way
"21st Street",,,,way
22,,,,way
"22nd Avenue",,,,way
"22nd Street",,,,way
23,,,,way
"23rd Avenue",,,,way
"23rd Street",,,,way
24,,,,way
"24th Avenue",,,,way
"24th Street",,,,way
25,,,,way
"25th Avenue",,,,way
"25th Avenue North",,,,way
"25th Street",,,,way
"26th Avenue",,,,way
"26th Street",,,,way
"27th Avenue",,,,way
"27th Street",,,,way
"28th Avenue",,,,way
"28th Street",,,,way
"29th Avenue",,,,way
"29th Street",,,,way
"2nd Avenue",,,,way
"2nd Street",,,,relation+way
3,,,,way
"303 Second Street Plaza",,,,way
"30th Avenue",,,,way
"30th Street",,,,way
"31st Avenue",,,,way
"32nd Avenue",,,,way
"33rd Avenue",,,,way
"34th Avenue",,,,relation+way
"35th Avenue",,,,way
"36th Avenue",,,,way
"37th Avenue",,,,way
"38th Avenue",,,,way
"39th Avenue",,,,way
"3rd Avenue",,,,way
"3rd Street",,,,way
4,,,,way
"40th Avenue",,,,way
"41st Avenue",,,,way
"42nd Avenue",,,,way
"43rd Avenue",,,,way
"44th Avenue",,,,way
"45th Avenue",,,,way
"46th Avenue",,,,way
"47th Avenue",,,,way
"48th Avenue",,,,way
"4th Avenue",,,,way
"4th Street",,,,way
5,,,,way
"560 Mission Street Plaza",,,,way
"5th Avenue",,,,way
"5th Street",,,,way
"5th Street Plaza",,,,way
6,,,,way
"611 Folsom Street Plaza",,,,way
"6th Avenue",,,,way
"6th Street",,,,way
7,,,,way
"7th Avenue",,,,way
"7th Street",,,,way
8,,,,way
"8th Avenue",,,,way
"8th Street",,,,way
9,,,,way
"9th Avenue",,,,way
"9th Street",,,,relation+way
"A Dock",,,,way
"A Street",,,,way
"A.P. Giannini Plaza",,,,way
"Abbey Street",,,,way
"Acacia Avenue",,,,way
"Acacia Plaza",,,,way
"Acadia Street",,,,way
"Accacia Street",,,,way
"Acevedo Avenue",,,,way
"Acme Alley",,,,way
"Acton Street",,,,way
"Adah's Stairway",,,,way
"Addison Street",,,,way
"Admiral Avenue",,,,way
"Aerial Way",,,,way
"Agnon Avenue",,,,way
"Agua Way",,,,way
"Ahern Way",,,,way
"Alabama Street",,,,way
"Alameda Street",,,,way
"Alana Way",,,,way
"Albatross Court",,,,way
"Alberta Street",,,,way
"Albion Street",,,,way
"Alcatraz Wharf",,,,way
"Alder Street",,,,way
"Alert Alley",,,,way
"Alexander Zuckermann Bay Bridge Trail",,,,way
"Alhambra Street",,,,way
"Allan Street",,,,way
"Allison Street",,,,way
"Allston Way",,,,way
"Alma Street",,,,way
"Almaden Court",,,,way
"Aloha Avenue",,,,way
"Alpha Street",,,,way
"Alpine Terrace",,,,way
"Alta Mar Way",,,,way
"Alta Street",,,,way
"Alta Vista Terrace",,,,way
"Alton Avenue",,,,way
"Alviso Street",,,,way
"Amador Street",,,,way
"Amatista Lane",,,,way
"Amatury Loop",,,,way
"Amazon Avenue",,,,way
"Amber Drive",,,,way
"Amethyst Way",,,,way
"Amherst Street",,,,way
"Anderson Street",,,,way
"Andover Street",,,,way
"Ankeny Street",,,,way
"Annapolis Terrace",,,,way
"Anzavista Avenue",,,,way
"Apollo Street",,,,way
"Apparel Way",,,,way
"Apple Mini Park",,,,way
"Appleton Avenue",,,,way
"Appleton Street",,,,way
"Aptos Avenue",,,,way
"Aquavista Way",,,,way
"Arago Street",,,,way
"Arbol Lane",,,,way
"Arbor Street",,,,way
"Arch Street",,,,way
"Arco Way",,,,way
"Ardath Court",,,,way
"Ardenwood Way",,,,way
"Arelious Walker Drive",,,,way
"Arelius Walker Drive",,,,way
"Arellano Avenue",,,,way
"Argent Alley",,,,way
"Argonaut Avenue",,,,way
"Arkansas Street",,,,way
"Arleta Avenue",,,,way
"Arlington Path",,,,way
"Arlington Street",,,,way
"Armory Drive",,,,way
"Armstrong Avenue",,,,way
"Arnold Avenue",,,,way
"Arroyo Way",,,,way
"Arthur Avenue",,,,way
"Ash Street",,,,way
"Ashbury Street",,,,way
"Ashbury Terrace",,,,way
"Ashton Avenue",,,,way
"Ashwood Lane",,,,way
"Aspen Court",,,,way
"Atalaya Terrace",,,,way
"Athens Street",,,,way
"Atoll Circle",,,,way
"Augusta Street",,,,way
"Avalon Avenue",,,,way
"Avenue A",,,,way
"Avenue B",,,,way
"Avenue D",,,,way
"Avenue E",,,,way
"Avenue F",,,,way
"Avenue G",,,,way
"Avenue H",,,,way
"Avenue I",,,,way
"Avenue M",,,,way
"Avenue N",,,,way
"Avenue of the Palms",,,,way
"Avery Street",,,,way
"Avila Street",,,,way
"Avoca Alley",,,,way
"Avocet Way",,,,way
"Avon Way",,,,way
"Aztec Street",,,,way
"B Dock",,,,way
"Bache Street",,,,way
"Bacon Street",,,,way
"Baden Avenue",,,,way
"Baden Street",,,,way
"Badger Street",,,,way
"Balceta Avenue",,,,way
"Baldwin Court",,,,way
"Balhi Court",,,,way
"Baltimore Way",,,,way
"Banbury Drive",,,,way
"Bancroft Avenue",,,,way
"Banks Street",,,,way
"Bannock Street",,,,way
"Barcelona Avenue",,,,way
"Barnard Avenue",,,,way
"Barneveld Avenue",,,,way
"Bartol Street",,,,way
"Bass Court",,,,way
"Batteries to Bluffs Trail",,,,way
"Battery Caulfield Road",,,,way
"Battery East Road",,,,way
"Battery Street",,,,way
"Battery Wagner Road",,,,way
"Battle of the Bulge Memorial Trail",,,,way
"Bay Area Ridge Trail",,,,way
"Bay Street",,,,way
"Bay View Street",,,,way
"Bayshore Blvd",,,,way
"Bayshore Boulevard",,,,way
"Bayshore Freeway",,,,way
"Bayside Drive",,,,way
"Bayside Village Place",,,,way
"Bayview Circle",,,,way
"Bayview Park Road",,,,way
"Beach Street",,,,way
"Beachmont Drive",,,,way
"Beacon Street",,,,way
"Beale Street Plaza",,,,way
"Beatrice Lane",,,,way
"Beaumont Avenue",,,,way
"Beaver Street",,,,way
"Bedford Place",,,,way
"Beeman Lane",,,,way
"Behr Avenue",,,,way
"Beideman Street",,,,way
"Belcher Street",,,,way
"Belgrave Avenue",,,,way
"Bell Court",,,,way
"Bella Vista Way",,,,way
"Bellair Place",,,,way
"Belle Avenue",,,,way
"Belles Street",,,,way
"Bellevue Avenue",,,,way
"Belmont Avenue",,,,way
"Belvedere Street",,,,way
"Bemis Street",,,,way
"Bengal Alley",,,,way
"Benton Avenue",,,,way
"Bepler Street",,,,way
"Berkeley Way",,,,way
"Berkshire Way",,,,way
"Bernal Cut Path",,,,way
"Bernal Heights Boulevard",,,,way
"Bernard Street",,,,way
"Bernice Rodgers Way",,,,way
"Bernice Street",,,,way
"Berry Street",,,,way
"Bertha Lane",,,,way
"Bertie Minor Lane",,,,way
"Bertita Street",,,,way
"Bessie Street",,,,way
"Beverly Street",,,,way
"Bill Walsh Way",,,,way
"Birch Street",,,,way
"Birchwood Court",,,,way
"Bird Street",,,,way
"Birmingham Road",,,,way
"Bishop Street",,,,way
"Bitting Avenue",,,,way
"Blair Terrace",,,,way
"Blairwood Lane",,,,way
"Blake Street",,,,way
"Blandy Street",,,,way
"Blanken Avenue",,,,way
"Bliss Road",,,,way
"Blue Greenway",,,,way
"Blythdale Avenue",,,,way
"Boardman Place",,,,way
"Bocana Street",,,,way
"Bonita Street",,,,way
"Bonnie Brae Lane",,,,way
"Bonview Street",,,,way
"Borica Street",,,,way
"Bostonship Plaza",,,,way
"Bosworth Street",,,,way
"Boutwell Street",,,,way
"Bowdoin Street",,,,way
"Bowley Street",,,,way
"Bowling Green Drive",,,,way
"Bowman Court",,,,way
"Boylston Street",,,,way
"Boynton Court",,,,way
"Brady Street",,,,way
"Brazel Ave Multi-Use Path",,,,way
"Brazil Avenue",,,,way
Breezeway,,,,way
"Brentwood Avenue",,,,way
"Briarcliff Terrace",,,,way
"Bridgeview Drive",,,,way
"Bridgeview Way",,,,way
"Bright Street",,,,way
"Brighton Avenue",,,,way
"Britton Street",,,,way
"Broad Street",,,,way
"Broadmoor Drive",,,,way
Broadway,,,,way
"Brompton Avenue",,,,way
"Bronte Street",,,,way
"Brook Street",,,,way
"Brookdale Avenue",,,,way
"Brookhaven Lane",,,,way
"Brooks Street",,,,way
"Brosnan Street",,,,way
"Brotherhood Way",,,,way
"Brown Street",,,,way
"Bruce Avenue",,,,way
"Brumiss Terrace",,,,way
"Brunswick Street",,,,way
"Brussels Street",,,,way
"Bucareli Drive",,,,way
"Buchanan Street Mall",,,,relation
"Buckingham Way",,,,way
"Buena Vista Avenue East",,,,way
"Buena Vista Avenue West",,,,way
"Buena Vista Park Waller Steps",,,,way
"Buena Vista Terrace",,,,way
"Burke Avenue",,,,way
"Burlwood Drive",,,,way
"Burnett North Avenue",,,,way
"Burnside Avenue",,,,way
"Burr Avenue",,,,way
"Burrows Court",,,,way
"Burrows Street",,,,way
"Bush Plaza",,,,way
"Bush Street",,,,way
"Butte Place",,,,way
"Byron Court",,,,way
"Byxbee Street",,,,way
"C Dock",,,,way
"C Street",,,,way
"Cable Car Waiting Line",,,,way
"Caine Avenue",,,,way
"Caire Terrace",,,,way
"Calgary Street",,,,way
"Calhoun Terrace",,,,way
"California Avenue",,,,way
"Cambon Drive",,,,way
"Cambridge Street",,,,way
"Camellia Avenue",,,,way
"Cameo Way",,,,way
"Camp Street",,,,way
"Campbell Avenue",,,,way
"Campus Lane",,,,way
"Campus Way",,,,way
"Canby Street",,,,way
"Candlestick Cove Way",,,,way
"Canyon Drive",,,,way
"Capistrano Avenue",,,,way
"Capitol Avenue",,,,way
"Capp Street",,,,way
"Capra Way",,,,way
"Cardenas Avenue",,,,way
"Cargo Way",,,,way
"Carl Street",,,,way
"Carmel Street",,,,way
"Carmelita Street",,,,way
"Carnelian Way",,,,way
"Carolina Street",,,,way
"Carpenter Court",,,,way
"Carr Street",,,,way
"Carrie Street",,,,way
"Carrizal Street",,,,way
"Carroll Avenue",,,,way
"Carson Street",,,,way
"Carter Street",,,,way
"Carver Street",,,,way
"Casa Way",,,,way
"Cascade Walk",,,,way
"Caselli Avenue",,,,way
"Cashmere Street",,,,way
"Casitas Avenue",,,,way
"Cassandra Court",,,,way
"Castelo Avenue",,,,way
"Castenada Avenue",,,,way
"Castillo Street",,,,way
"Castle Manor Avenue",,,,way
"Catalina Street",,,,way
"Cayuga Avenue",,,,way
"Cayuga and Lamartine Mini Park Path",,,,way
"Cecilia Avenue",,,,way
"Cedro Avenue",,,,way
"Cemetery Overlook Path",,,,way
"Centennial Walk",,,,way
"Central Avenue",,,,way
"Central Avenue Footpath",,,,way
"Ceres Street",,,,way
"Cerritos Avenue",,,,way
"Cervantes Boulevard",,,,way
"Chabot Terrace",,,,way
"Chain of Lakes Drive",,,,way
"Chain of Lakes Drive East",,,,way
"Chain of Lakes Drive West",,,,way
"Chancery Lane",,,,way
"Channel Street",,,,way
"Chapman Street",,,,way
"Charles J. Brenham Place",,,,way
"Charles Street",,,,way
"Charter Oak Avenue",,,,way
"Chase Court",,,,way
"Chaves Avenue",,,,way
"Chenery Street",,,,way
"Cherry Street",,,,way
"Chester Avenue",,,,way
"Chestnut Street",,,,way
"Chicago Way",,,,way
"Child Street",,,,way
"Chilton Avenue",,,,way
"China Basin Landing",,,,way
"China Basin Street",,,,way
"Chinook Court",,,,way
"Christmas Tree Point Road",,,,way
"Christopher Drive",,,,way
"Christopher Trail",,,,way
"Chula Lane",,,,way
"Chumasero Drive",,,,way
"Church Street",,,,way
"Cielito Drive",,,,way
"Circular Avenue",,,,way
"Cityview Way",,,,way
"Civic Center Plaza",,,,relation
"Clairview Court",,,,way
"Clara Street",,,,way
"Claremont Boulevard",,,,way
"Clarendon Avenue",,,,way
"Clarendon Connector Trail",,,,way
"Clarendon Knob Trail",,,,way
"Clarendon Woods Avenue",,,,way
"Clark Street",,,,way
"Clay Street",,,,way
"Clayton Street",,,,way
"Clearfield Drive",,,,way
"Clearview Court",,,,way
"Cleary Court",,,,way
"Clement Street",,,,way
"Cleo Rand Lane",,,,way
"Cleveland Street",,,,way
"Clifford Terrace",,,,way
"Clifford Terrace Stairway",,,,way
"Clinton Park",,,,way
"Clipper Cove Way",,,,way
"Clipper Street",,,,way
"Clipper Terrace",,,,way
"Clover Lane",,,,way
"Clover Street",,,,way
"Coastal Trail",,,,way
"Cochrane Street",,,,way
"Codman Place",,,,way
"Coit Terrace",,,,way
"Colby Street",,,,way
"Coleridge Street",,,,way
"College Avenue",,,,way
"College Terrace",,,,way
"Collingwood Street",,,,way
"Collins Street",,,,way
"Colon Avenue",,,,way
"Colonial Way",,,,way
"Colton Street",,,,way
"Columbia Square Street",,,,way
"Columbus Avenue",,,,way
"Colusa Place",,,,way
"Commer Court",,,,way
"Commerce Street",,,,way
"Commercial Street",,,,way
"Commonwealth Avenue",,,,way
"Compton Road",,,,way
"Concord Street",,,,way
"Congdon Street",,,,way
"Congo Street",,,,way
"Conkling Street",,,,way
"Connecticut Street",,,,way
"Connector Trail",,,,way
"Conrad Street",,,,way
"Conservation Plaza",,,,way
"Conservatory Drive East",,,,way
"Conservatory Drive West",,,,way
"Constanso Way",,,,way
"Convention Plaza",,,,way
"Cook Street",,,,way
"Cora Street",,,,way
"Coral Road",,,,way
"Coralino Lane",,,,way
"Corbett Avenue",,,,way
"Corbin Place",,,,way
"Cordova Street",,,,way
"Cornwall Street",,,,way
"Corona Street",,,,way
"Coronado Street",,,,way
"Cortes Avenue",,,,way
"Cortland Avenue",,,,way
"Corwin Street",,,,way
"Coso Avenue",,,,way
"Costa Street",,,,way
"Cottage Row",,,,way
"Cotter Street",,,,way
"Country Club Drive",,,,way
"Coventry Court",,,,way
"Coventry Lane",,,,way
"Cowles Street",,,,way
"Coyote Crags Trail",,,,way
"Cragmont Avenue",,,,way
"Crags Court",,,,way
"Crane Street",,,,way
"Cranleigh Drive",,,,way
"Craut Street",,,,way
"Crescent Avenue",,,,way
"Crescent Court",,,,way
"Crescent Way",,,,way
"Crescio Court",,,,way
"Crespi Drive",,,,way
"Cresta Vista Drive",,,,way
"Crestlake Drive",,,,way
"Crestline Drive",,,,way
"Crestmont Drive",,,,way
"Crestwell Walk",,,,way
"Crisp Road",,,,way
"Crissy Field Avenue",,,,way
"Croaker Court",,,,way
"Crocker Galleria",,,,way
"Cross Street",,,,way
"Crossover Drive",,,,way
"Crown Court",,,,way
"Crown Terrace",,,,way
"Crystal Street",,,,way
"Cuesta Court",,,,way
"Culebra Terrace",,,,way
"Cumberland Street",,,,way
"Curtis Street",,,,way
"Cushman Street",,,,way
"Custer Avenue",,,,way
"Cutler Avenue",,,,way
"Cuvier Street",,,,way
"Cyril Magnin Street",,,,way
"Cyrus Place",,,,way
"D Dock",,,,way
"D Street",,,,way
"Daggett Street",,,,way
"Dakota Street",,,,way
"Dale Place",,,,way
"Dalewood Way",,,,way
"Danton Street",,,,way
"Danvers Street",,,,way
"Darien Way",,,,way
"Darrell Place",,,,way
"Dartmouth Street",,,,way
"Davidson Avenue",,,,way
"Davis Court",,,,way
"Dawnview Way",,,,way
"Day Street",,,,way
"De Forest Way",,,,way
"De Long Street",,,,way
"De Montfort Avenue",,,,way
"De Soto Street",,,,way
"De Wolf Street",,,,way
"Dearborn Street",,,,way
"Decatur Street",,,,way
"Dedman Court",,,,way
"Deems Road",,,,way
"Dehon Street",,,,way
"Del Monte Street",,,,way
"Del Sur Avenue",,,,way
"Del Vale Avenue",,,,way
"Delancey Street",,,,way
"Delano Avenue",,,,way
"Dellbrook Avenue",,,,way
"Delmar Street",,,,way
"Delta Street",,,,way
"Deming Street",,,,way
"Denslowe Drive",,,,way
"Desmond Street",,,,way
"Detroit Street",,,,way
"Devonshire Way",,,,way
"Dewey Boulevard",,,,way
"Diamond Cove Terrace",,,,way
"Diamond Heights Boulevard",,,,way
"Diamond Street",,,,way
"Diana Street",,,,way
"Diaz Avenue",,,,way
"Dicha Alley",,,,way
"Dichiera Court",,,,way
"Digby Street",,,,way
"Divisadero Street",,,,way
"Division Street",,,,way
"Dixie Alley",,,,way
"Dodge Street",,,,way
"Dolores Terrace",,,,way
"Don Chee Way",,,,way
"Donahue Street",,,,way
"Donner Avenue",,,,way
"Dorado Terrace",,,,way
"Dorantes Avenue",,,,way
"Dorcas Way",,,,way
"Dorchester Way",,,,way
"Dore Street",,,,way
"Dorland Street",,,,way
"Dorman Avenue",,,,way
"Dormitory Road",,,,way
"Double Rock Street",,,,way
"Douglass Street",,,,way
"Downey Street",,,,way
"Dr. Tom Waddell Place",,,,way
"Drake Street",,,,way
"Drum Bridge",,,,way
"Drumm Street",,,,way
"Dublin Street",,,,way
"Duboce Avenue",,,,way
"Dudley Road",,,,way
"Dukes Court",,,,way
"Duncan Street",,,,way
"Duncombe Alley",,,,way
"Dunshee Street",,,,way
"Dunsmuir Street",,,,way
"Dwight Street",,,,way
"E Dock",,,,way
"E Street",,,,way
"Eagle Street",,,,way
"Earl Street",,,,way
"East Ridge Trail",,,,way
"Eastwood Drive",,,,way
"Ecker Plaza",,,,way
"Ecker Street",,,,way
"Ecology Trail (lower)",,,,way
"Ecology Trail (upper)",,,,way
"Eddy Street",,,,way
"Edgar Avenue",,,,way
"Edgehill Way",,,,way
"Edgewood Avenue",,,,way
"Edgewood Trail",,,,way
"Edie Road",,,,way
"Edinburgh Street",,,,way
"Edna Street",,,,way
"Edward Street",,,,way
"Egbert Avenue",,,,way
"El Camino del Mar",,,,way
"El Dorado Street",,,,way
"El Mirasol Place",,,,way
"El Plazuela Way",,,,way
"El Polin Loop",,,,way
"El Polin Spring Connector Trail",,,,way
"El Sereno Court",,,,way
"El Verano Way",,,,way
"Elgin Park",,,,way
"Elim Street",,,,way
"Elk Street",,,,way
"Ellert Street",,,,way
"Ellington Avenue",,,,way
"Elliot Street",,,,way
"Ellis Street",,,,way
"Ellsworth Street",,,,way
"Elm Street",,,,way
"Elmhurst Drive",,,,way
"Elmira Street",,,,way
"Elmwood Way",,,,way
"Elsie Street",,,,way
"Emerald Cove Terrace",,,,way
"Emerald Lane",,,,way
"Emerson Street",,,,way
"Emmett Court",,,,way
"Encanto Avenue",,,,way
"Encinal Walk",,,,way
"Encline Court",,,,way
"English Street",,,,way
"Enterprise Street",,,,way
"Entrada Court",,,,way
"Entry Village",,,,relation
"Erie Street",,,,way
"Ervine Street",,,,way
"Escolta Way",,,,way
"Escondido Avenue",,,,way
"Esmeralda Avenue",,,,way
"Espanola Street",,,,way
"Esquina Drive",,,,way
"Essex Street",,,,way
"Estero Avenue",,,,way
"Eucalyptus Drive",,,,way
"Euclid Avenue",,,,way
"Eugenia Avenue",,,,way
"Eureka Street",,,,way
"Evelyn Way",,,,way
"Event Space",,,,way
"Everglade Drive",,,,way
"Everson Street",,,,way
"Ewing Terrace",,,,way
"Excelsior Avenue",,,,way
"Executive Park Boulevard",,,,way
"Exeter Street",,,,way
"Exposition Drive",,,,way
"F Dock",,,,way
"Fair Avenue",,,,way
"Fairfax Avenue",,,,way
"Fairfield Way",,,,way
"Fairmount Street",,,,way
"Fairy Gates Trail",,,,way
"Faith Street",,,,way
"Falmouth Street",,,,way
"Fanning Way",,,,way
"Farallones Street",,,,way
"Fargo Place",,,,way
"Farnsworth Trail",,,,way
"Farnum Street",,,,way
"Farragut Avenue",,,,way
"Farren Street",,,,way
"Farview Court",,,,way
"Faxon Avenue",,,,way
"Felix Avenue",,,,way
"Fell Street",,,,way
"Felton Street",,,,way
"Fernandez Street",,,,way
"Fernwood Drive",,,,way
"Filbert Steps",,,,way
"Filbert Street",,,,way
"Fillmore Center Plaza",,,,way
"First Drive East",,,,way
"First Drive West",,,,way
"Fischer Avenue",,,,way
"Fisher Loop",,,,way
"Fishermans Wharf",,,,way
"Fitzgerald Avenue",,,,way
"Flights of Fancy",,,,way
"Flint Street",,,,way
"Flood Avenue",,,,way
"Flora Street",,,,way
"Florence Street",,,,way
"Florentine Street",,,,way
"Florida Street",,,,relation+way
"Flounder Court",,,,way
"Flournoy Street",,,,way
"Flower Street",,,,way
"Foerster Street",,,,way
"Fog Bridge",,,,way
"Folsom Stroll",,,,way
"Font Boulevard",,,,way
"Foote Avenue",,,,way
"Ford Street",,,,way
"Forest Hill Path",,,,way
"Forest Knolls Drive",,,,way
"Forest Road",,,,way
"Forest Side Avenue",,,,way
"Forest View Drive",,,,way
"Fort Funston Road",,,,way
"Fort Mason",,,,way
"Fort Mason 10",,,,way
"Fort Mason 11",,,,way
"Fort Mason 12",,,,way
"Fort Mason 13",,,,way
"Fort Mason 16",,,,way
"Fortuna Avenue",,,,way
"Foundry Square",,,,way
"Fountain Street",,,,way
"Fowler Avenue",,,,way
"France Avenue",,,,way
"Francis Street",,,,way
"Francisco Street",,,,way
"Franconia Street",,,,way
"Fratessa Court",,,,way
"Fredela Lane",,,,way
"Frederick Street",,,,way
"Fredson Court",,,,way
"Freeman Court",,,,way
"Fremont Center",,,,way
"French Court",,,,way
"Friedell Street",,,,way
"Friendship Court",,,,way
"Front Street",,,,way
"Fuente Avenue",,,,way
"Fulton Trail",,,,way
Funston,,,,way
"Funston Avenue",,,,way
"Funston Road",,,,way
"G Dock",,,,way
"Gabilan Way",,,,way
"Gaiser Court",,,,way
"Galewood Circle",,,,way
"Galvez Avenue",,,,way
"Gambier Street",,,,way
"Garces Drive",,,,way
"Garcia Avenue",,,,way
"Garden Way",,,,way
"Gardener's Trail",,,,way
"Gardenside Drive",,,,way
"Garfield Street",,,,way
"Garlington Court",,,,way
"Garnett Terrace",,,,way
"Garrison Avenue",,,,way
"Gates Street",,,,way
"Gateview Avenue",,,,way
"Gateview Court",,,,way
"Gaven Street",,,,way
"Gaviota Way",,,,way
"Gellert Drive",,,,way
"Gen. Kennedy Avenue",,,,way
"Gene Friend Way",,,,way
"Genebern Way",,,,way
"General Douglas MacArthur Tunnel",,,,way
"General Kennedy Avenue",,,,way
"Geneva Avenue",,,,way
"Gennessee Street",,,,way
"George Court",,,,way
"Germania Street",,,,way
"Getz Street",,,,way
"Giants Drive",,,,way
"Gillette Avenue",,,,way
"Gilman Avenue",,,,way
"Gilroy Street",,,,way
"Girard Road",,,,way
"Girard Street",,,,way
"Gladeview Way",,,,way
"Gladiolus Lane",,,,way
"Gladstone Drive",,,,way
"Gladys Street",,,,way
"Glenbrook Avenue",,,,way
"Glendale Street",,,,way
"Glenhaven Lane",,,,way
"Glenview Drive",,,,way
"Gloria Court",,,,way
"Glover Street",,,,way
"Godeus Street",,,,way
"Goethe Street",,,,way
"Goettingen Street",,,,way
"Gold Mine Drive",,,,way
"Goldberg Lane",,,,way
"Golden Court",,,,way
"Golden Gate Avenue",,,,way
"Golden Gate Bridge",,,,way
"Golden Gate Bridge East Sidewalk",,,,way
"Golden Gate Bridge West Sidewalk",,,,way
"Golden Gate Promenade",,,,way
"Goleta Avenue",,,,way
"Gonzalez Drive",,,,way
"Gorgas Avenue",,,,way
"Gorham Street",,,,way
"Gough Street",,,,way
"Gould Street",,,,way
"Grace Street",,,,way
"Grafton Avenue",,,,way
"Graham Street",,,,way
"Granada Avenue",,,,way
"Grand View Avenue",,,,way
"Grand View Terrace",,,,way
"Granville Way",,,,way
"Grattan Street",,,,way
"Graystone Terrace",,,,way
"Great Highway",,,,way
"Green Street",,,,way
"Green Tunnel",,,,way
"Greenough Avenue",,,,way
"Greenview Court",,,,way
"Greenwich Street",,,,way
"Greenwich Street Stairs",,,,way
"Greenwood Avenue",,,,way
"Grenard Terrace",,,,way
"Griffith Street",,,,way
"Grijalva Drive",,,,way
"Grove Street",,,,way
"Gum Tree Girls Trail",,,,way
"Guttenberg Street",,,,way
"Guy Place",,,,way
"H Street",,,,way
"Habitat Terrace",,,,way
"Hahn Street",,,,way
"Haight Street",,,,relation+way
"Hale Street",,,,way
"Halibut Court",,,,way
"Halleck Street",,,,way
"Hallidie Plaza",,,,way
"Halyburton Court",,,,way
"Hamerton Avenue",,,,way
"Hamilton Street",,,,way
"Hamlin Street",,,,way
"Hampshire Street",,,,way
"Hancock Street",,,,way
"Hang Ah Alley;Pagoda Alley",,,,way
"Hanover Street",,,,way
"Harbor Road",,,,way
"Hardie Avenue",,,,way
"Hare Street",,,,way
"Harkness Avenue",,,,way
"Harlow Street",,,,way
"Harney Way",,,,way
"Harold Avenue",,,,way
"Harper Street",,,,way
"Harriet Street",,,,way
"Harrington Street",,,,way
"Harrison Boulevard",,,,way
"Harrison Street",,,,way
"Harry Bridges Plaza",,,,relation
"Harry Street",,,,way
"Hartford Street",,,,way
"Harvard Street",,,,way
"Hattie Street",,,,way
"Havelock Street",,,,way
"Havens Street",,,,way
"Havenside Drive",,,,way
"Hawkins Lane",,,,way
"Hawthorne Street",,,,way
"Hayes Street",,,,relation+way
"Hays Street",,,,way
"Hazelwood Avenue",,,,way
"Head Street",,,,way
"Healy Avenue",,,,way
"Hearst Avenue",,,,way
"Heather Avenue",,,,way
"Helena Street",,,,way
"Hemway Terrace",,,,way
"Henry Adams Street",,,,way
"Henry Street",,,,way
"Herbst Road",,,,way
"Heritage Avenue",,,,way
"Hermann Street",,,,way
"Hernandez Avenue",,,,way
"Hester Avenue",,,,way
"Heyman Avenue",,,,way
"Hickory Street",,,,way
"Hidalgo Terrace",,,,way
"Hidden Garden Steps",,,,way
"High Street",,,,way
"Highland Avenue",,,,way
"Higuera Avenue",,,,way
"Hiliritas Avenue",,,,way
"Hill Drive",,,,way
"Hill Point Avenue",,,,way
"Hill Street",,,,way
"Hillcrest Court",,,,way
"Hilltop Park Ampitheater",,,,way
"Hillview Court",,,,way
"Hillway Avenue",,,,way
"Hilton Street",,,,way
"Hinckley Walk",,,,way
"Historic Trail",,,,way
"Hitchcock Lane",,,,way
"Hitchcock Street",,,,way
"Hoff Street",,,,way
"Hoffman Avenue",,,,way
"Hoffman Street",,,,way
"Holladay Avenue",,,,way
"Hollis Street",,,,way
"Hollister Avenue",,,,way
"Holloway Avenue",,,,way
"Holly Park Circle",,,,way
"Hollywood Court",,,,way
"Holyoke Street",,,,way
"Homestead Street",,,,way
"Homewood Court",,,,way
"Hooper Street",,,,way
"Hooper's Steps",,,,way
"Hopkins Avenue",,,,way
"Horne Avenue",,,,way
"Hospital Street",,,,way
"Houston Street",,,,way
"Howth Street",,,,way
"Hubbell Street",,,,way
"Hudson Avenue",,,,way
"Hudson Court",,,,way
"Hugo Street",,,,way
"Hunter's Point Power Plant Trail",,,,way
"Hunters Point Boulevard",,,,way
"Hunters Point Expressway",,,,way
"Huntington Drive",,,,way
"Huron Avenue",,,,way
"Hussey Street",,,,way
"Hutchins Court",,,,way
"Hyde Street",,,,way
"Hyde Street Pier",,,,way
"I Dock",,,,way
"I Street",,,,way
"Idora Avenue",,,,way
"Ignacio Avenue",,,,way
"Illinois Street",,,,way
"Ils Lane",,,,way
"Ina Court",,,,way
"Inca Lane",,,,way
"Incinerator Road",,,,way
"Indiana Street",,,,way
"Industrial Street",,,,way
"Infantry Terrace",,,,way
"Ingerson Avenue",,,,way
"Ingleside Path",,,,way
"Innes Avenue",,,,way
"Innes Court",,,,way
"Inverness Drive",,,,way
"Iowa Street",,,,way
"Iris Avenue",,,,way
"Iron Alley",,,,way
"Ironship Plaza North",,,,way
"Ironship Plaza South",,,,way
"Ironwood Way",,,,way
"Irwin Street",,,,way
"Isis Street",,,,way
"Islais Creek Trail",,,,way
"Isola Way",,,,way
Issleib,,,,way
"Italy Avenue",,,,way
"Ivy Street",,,,way
"J Dock",,,,way
"J Street",,,,way
"Jack London Alley",,,,way
"Jack Micheline Place",,,,way
"Jade Place",,,,way
"Jakey Court",,,,way
"Jamestown Avenue",,,,way
"Jarboe Avenue",,,,way
"Jason Court",,,,way
"Java Street",,,,way
"Jean Way",,,,way
"Jeff Adachi Way",,,,way
"Jennings Court",,,,way
"Jennings Street",,,,way
"John F Foran Freeway",,,,way
"Johnstone Drive",,,,way
"Jones Street",,,,way
"Jordan Avenue",,,,way
"Josepha Avenue",,,,way
"Josiah Avenue",,,,way
"Joy Street",,,,way
"Juanita Way",,,,way
"Judson Avenue",,,,way
"Jules Avenue",,,,way
"Julian Avenue",,,,way
"Junior Terrace",,,,way
"Juri Street",,,,way
"Justin Drive",,,,way
Kalmanovitz,,,,way
"Kamille Court",,,,way
"Kansas Street",,,,way
"Karen Court",,,,way
"Kate Street",,,,way
"Kearny Lane",,,,way
"Keith Street",,,,way
"Kelloch Avenue",,,,way
"Kempton Avenue",,,,way
"Kendall Drive",,,,way
"Kenny Alley",,,,way
"Kensington Way",,,,way
"Kenwood Way",,,,way
"Keppler Court",,,,way
"Kern Street",,,,way
"Key Avenue",,,,way
"Keystone Way",,,,way
"Kezar Drive",,,,way
"Kingston Street",,,,way
"Kinzey Street",,,,way
"Kirkham Street",,,,way
"Kirkwood Avenue",,,,way
"Kiska Road",,,,way
"Kissling Street",,,,way
"Kittredge Terrace",,,,way
"Knollview Way",,,,way
"Knott Court",,,,way
"Kobbe Avenue",,,,way
"Kronquist Court",,,,way
"La Avanzada Street",,,,way
"La Bica Way",,,,way
"La Grande Avenue",,,,way
"La Playa Street",,,,way
"La Salle Avenue",,,,way
"Lafayette Street",,,,way
"Laguna Honda Boulevard",,,,way
"Laguna Street",,,,way
"Lagunitas Drive",,,,way
"Laidley Street",,,,way
"Lake Forest Court",,,,way
"Lake Merced BIke Path",,,,way
"Lake Merced Bike Path",,,,way
"Lake Merced Boulevard",,,,way
"Lake Merced Hill Street",,,,way
"Lake Merced Hills Community Center Access Stairs",,,,way
"Lake Street",,,,way
"Lakeshore Drive",,,,way
"Lakeview Avenue",,,,way
"Lakewood Avenue",,,,way
"Lamartine Street",,,,way
"Lancaster Lane",,,,way
"Landers Street",,,,way
"Langton Street",,,,way
"Lansdale Avenue",,,,way
"Lansing Street",,,,way
"Lapidge Street",,,,way
"Larch Way",,,,way
"Las Villas Court",,,,way
"Laskie Street",,,,way
"Lathrop Avenue",,,,way
"Latona Street",,,,way
"Laura Street",,,,way
"Laurel Street",,,,way
"Lauren Court",,,,way
"Lawrence Avenue",,,,way
"Le Conte Circle",,,,way
"Leavenworth Street",,,,way
"Ledyard Street",,,,way
"Lee Avenue",,,,way
"Legion Court",,,,way
"Legion of Honor Drive",,,,way
"Leland Avenue",,,,way
"Lendrum Court",,,,way
"Lenox Way",,,,way
"Leo Street",,,,way
"Leona Terrace",,,,way
"Lessing Street",,,,way
"Lester Court",,,,way
"Letterman Drive",,,,way
"Lettuce Lane",,,,way
"Levant Street",,,,way
"Levant Street Stairway",,,,way
"Levi's Plaza",,,,way
"Lexington Street",,,,way
"Liberty Street",,,,relation+way
"Liebig Street",,,,way
"Lillian Court",,,,way
"Lily Street",,,,way
"Linares Avenue",,,,way
"Lincoln Park Steps",,,,way
"Linda Street",,,,way
"Linda Vista Steps Street",,,,way
"Linden Street",,,,way
"Lindsay Circle",,,,way
"Lippard Avenue",,,,way
"Lisbon Street",,,,way
"Littlefield Terrace",,,,way
"Lloyd Street",,,,way
"Lobby Shops",,,,way
"Lobos Creek Valley Path",,,,way
"Lobos Creek Valley Trail",,,,way
"Lobos Creek Valley to Wedemeyer Street",,,,way
"Lobos Street",,,,way
"Locksley Avenue",,,,way
"Lockwood Street",,,,way
"Locust Street",,,,way
"Loehr Street",,,,way
"Lois Lane",,,,way
"Loma Vista Terrace",,,,way
"Lomita Avenue",,,,way
"London Street",,,,way
"Lone Mountain Terrace",,,,way
"Long Avenue",,,,way
"Long Bridge Street",,,,way
"Longview Court",,,,way
"Loomis Street",,,,way
"Lopez Avenue",,,,way
"Loraine Court",,,,way
"Los Palmos Drive",,,,way
"Lottie Bennett Lane",,,,way
"Louisburg Street",,,,way
"Lovers' Lane",,,,way
"Lovers' Lane Bridge",,,,way
"Lowell Street",,,,way
"Lower Great Highway",,,,way
"Lower Great Highway Trail",,,,way
"Lower Terrace",,,,way
"Loyola Terrace",,,,way
"Lucerne Street",,,,way
"Lucy Street",,,,way
"Lulu Alley",,,,way
"Lunado Court",,,,way
"Lunado Way",,,,way
"Lundys Lane",,,,way
"Lupine Avenue",,,,way
"Lurline Street",,,,way
"Lydia Avenue",,,,way
"Lyell Street",,,,way
"Lyndhurst Drive",,,,way
"Lyon Street Footpath",,,,way
"Mabel Alley",,,,way
"Mabini Street",,,,way
"Mabrey Court",,,,way
"Mac Arthur Avenue",,,,way
"Macalla Road",,,,way
"Macarthur Avenue",,,,way
"Macedonia Street",,,,way
"Macondray Lane",,,,way
"Maddux Avenue",,,,way
"Madera Street",,,,way
"Madison Street",,,,way
"Madrid Street",,,,way
"Madrone Avenue",,,,way
"Magellan Avenue",,,,way
"Magnolia Street",,,,way
"Mahan Street",,,,way
"Main Drive",,,,way
"Main Street",,,,way
"Majestic Avenue",,,,way
"Malcom X Plaza",,,,relation
"Mallorca Way",,,,way
"Malta Drive",,,,way
"Manchester Street",,,,way
"Mandalay Lane",,,,way
"Mangels Avenue",,,,way
"Manor Drive",,,,way
"Manseau Street",,,,way
"Mansell Multi-Use Path",,,,way
"Mansell Street",,,,way
"Mansfield Street",,,,way
"Manzanita Avenue",,,,way
"Maple Street",,,,way
"Marcela Avenue",,,,way
"Marengo Street",,,,way
"Margaret Avenue",,,,way
"Marietta Drive",,,,way
"Marin Street",,,,way
"Marina Boulevard",,,,way
"Mariner Drive",,,,way
"Marion Place",,,,way
"Mariposa Street",,,,way
"Marist Street",,,,way
"Mark Twain Plaza",,,,way
"Marlin Court",,,,way
"Marne Avenue",,,,way
"Mars Street",,,,way
"Marsily Street",,,,way
"Marston Avenue",,,,way
"Martha Avenue",,,,way
"Martin Avenue",,,,way
"Martinez Street",,,,way
"Marvel Court",,,,way
"Marview Way",,,,way
"Marx Meadow Drive",,,,way
"Mary Teresa Street",,,,way
"Maryland Street",,,,way
"Mason Court",,,,way
"Masonic Avenue",,,,way
"Massasoit Street",,,,way
"Mateo Street",,,,way
"Matthew Court",,,,way
"Maxwell Court",,,,way
"Mayfair Drive",,,,way
"Mayflower Street",,,,way
"Maynard Street",,,,way
"Maywood Drive",,,,way
"McCann Street",,,,way
"McCarthy Avenue",,,,way
"McCoppin Street",,,,way
"McCormick Street",,,,way
"McCovey Cove Promenade",,,,way
"McDowell Avenue",,,,way
"McDowell Road SW",,,,way
"McKinley - Vermont Lower Steps",,,,way
"McKinnon Avenue",,,,way
"McLaren Avenue",,,,way
"McNair Court",,,,way
"McRae Lane",,,,way
"Meade Avenue",,,,way
"Meadowbrook Drive",,,,way
"Mechanics Plaza",,,,relation
"Meda Avenue",,,,way
"Medical Center Way",,,,way
"Megan Drive",,,,way
"Melba Avenue",,,,way
"Melra Court",,,,way
"Melrose Avenue",,,,way
"Mendell Street",,,,way
"Mendosa Avenue",,,,way
"Mercato Court",,,,way
"Merced Avenue",,,,way
"Mercedes Way",,,,way
"Merchant Road",,,,way
"Merchant Street",,,,way
"Mercury Street",,,,way
"Merlin Street",,,,way
"Merriam Lane",,,,way
"Merrill Street",,,,way
"Merrimac Street",,,,way
"Merritt Street",,,,way
"Mesa Avenue",,,,way
"Mesa Street",,,,way
"Metson Road",,,,way
"Michigan Street",,,,way
"Midcrest Way",,,,way
"Middle Drive West",,,,way
"Middle Point Road",,,,way
"Middlefield Drive",,,,way
"Midway Street",,,,way
"Miguel Street",,,,way
"Milan Terrace",,,,way
"Miles Court",,,,way
"Miley Street",,,,way
"Mill Street",,,,way
"Milton I Ross Lane",,,,way
"Milton Street",,,,way
"Minerva Street",,,,way
"Minna Street",,,,way
"Minnesota Street",,,,way
"Mint Plaza",,,,way
"Mint Street",,,,way
"Mirabel Avenue",,,,way
"Miraloma Drive",,,,way
"Miramar Avenue",,,,way
"Mirando Way",,,,way
"Mission Bay Boulevard",,,,way
"Mission Bay Boulevard North",,,,way
"Mission Bay Boulevard South",,,,way
"Mission Bay Drive",,,,way
"Mission Rock Street",,,,way
"Mission Street",,,,relation+way
"Mississippi Street",,,,way
"Missouri Street",,,,way
"Mistral Street",,,,way
"Mizpah Street",,,,way
"Modoc Avenue",,,,way
"Moffitt Street",,,,way
"Mojave Street",,,,way
"Molimo Drive",,,,way
"Moncada Way",,,,way
"Moneta Court",,,,way
"Moneta Way",,,,way
"Mono Street",,,,way
"Montalvo Avenue",,,,way
"Montana Street",,,,way
"Montecito Avenue",,,,way
"Monterey Boulevard",,,,way
"Montezuma Street",,,,way
"Monticello Street",,,,way
"Monument Way",,,,way
"Moore Lane",,,,way
"Moore Place",,,,way
"Moraga Avenue",,,,way
"Moreland Street",,,,way
"Morningside Drive",,,,way
"Morrell Street",,,,way
"Morse Street",,,,way
"Morton Street",,,,way
"Moscow Street",,,,way
"Moulton Street",,,,way
"Mount Lane",,,,way
"Mount Vernon Avenue",,,,way
"Mountain Lake Trail",,,,way
"Mountain Spring Avenue",,,,way
"Mountview Court",,,,way
"Muir Loop",,,,way
"Mullen Avenue",,,,way
"Munich Street",,,,way
"Murray Lane",,,,way
"Murray Street",,,,way
"Museum Way",,,,way
"Music Concourse Drive",,,,way
"Myra Way",,,,way
"Myrtle Street",,,,way
"Mystery Trail",,,,way
"Nadell Court",,,,way
"Naglee Avenue",,,,way
"Nahua Avenue",,,,way
"Nancy Pelosi Drive",,,,way
"Nantucket Avenue",,,,way
"Napier Lane",,,,way
"Naples Street",,,,way
"Napoleon Street",,,,way
"Natick Street",,,,way
"Natoma Street",,,,way
"Nautilus Court",,,,way
"Navajo Avenue",,,,way
"Navy Road",,,,way
"Naylor Street",,,,way
"Nebraska Street",,,,way
"Neptune Street",,,,way
"Nevada St",,,,way
"Nevada Street",,,,way
"New Montgomery Street",,,,way
"Newburg Street",,,,way
"Newcomb Avenue",,,,way
"Newhall Street",,,,way
"Newman Street",,,,way
"Newton Street",,,,way
"Ney Street",,,,way
"Niagara Avenue",,,,way
"Niantic Avenue",,,,way
"Nibbi Court",,,,way
"Nichols Way",,,,way
"Nido Avenue",,,,way
"Nike Road",,,,way
"Nimitz Avenue",,,,way
"Nimitz Drive",,,,way
"Nordhoff Street",,,,way
"Normandie Terrace",,,,way
"North 15th Avenue",,,,way
"North Drive",,,,way
"North Gate Road",,,,way
"North Hughes Lane",,,,way
"North Lake Merced Hill Street",,,,way
"North Point Street",,,,way
"North Ridge Trail",,,,way
"North Stadium Drive",,,,way
"North State Drive",,,,way
"North Van Horn Lane",,,,way
"North View Court",,,,way
"Northgate Drive",,,,way
"Northpoint Drive",,,,way
"Northridge Road",,,,way
"Northwood Drive",,,,way
"Norton Street",,,,way
"Norwich Street",,,,way
"Nueva Avenue",,,,way
"O'Reilly Avenue",,,,way
"Oak Grove Street",,,,way
"Oak Park Drive",,,,way
"Oak Street",,,,way
"Oakdale Avenue",,,,way
"Oakhurst Lane",,,,way
"Oakwood Street",,,,way
"Ocean Avenue",,,,way
"Oceanview Terrace",,,,way
Octavia,,,,way
"Octavia Boulevard",,,,way
"Octavia Boulevard Bike Connector",,,,way
"Octavia Street",,,,way
"Officer James W. Bloesch Road",,,,way
"Ogden Avenue",,,,way
"Old Channel Street",,,,way
"Old Chinatown Lane",,,,way
"Old Mason Street",,,,way
"Oliver Street",,,,way
"Olmstead Street",,,,way
"Olympia Way",,,,way
"Omar Way",,,,way
"One Post Plaza",,,,relation
"Oneida Avenue",,,,way
"Onique Lane",,,,way
"Onondaga Avenue",,,,way
"Opalo Lane",,,,way
"Orben Place",,,,way
"Ord Court",,,,way
"Ord Street",,,,way
"Ordway Street",,,,way
"Oriente Street",,,,way
"Oriole Way",,,,way
"Orizaba Avenue",,,,way
"Orsi Circle",,,,way
"Ortega Way",,,,way
"Oscar Alley",,,,way
"Osceola Lane",,,,way
"Otega Avenue",,,,way
"Otsego Avenue",,,,relation
"Ottawa Avenue",,,,way
"Outback Trail",,,,way
"Owens Street",,,,way
"Oxford Street",,,,way
"Ozbourn Court",,,,way
"Pacific Avenue",,,,way
"Page Street",,,,way
"Palace Drive",,,,way
"Palm Avenue",,,,way
"Palm Lane",,,,way
"Palmetto Avenue",,,,way
"Palo Alto Avenue",,,,way
"Paloma Avenue",,,,way
"Palos Place",,,,way
"Pan American Esplanade",,,,way
"Panama Street",,,,way
"Panorama Drive",,,,way
"Parade Ground",,,,way
"Paradise Avenue",,,,way
"Paraiso Place",,,,way
"Paramount Terrace",,,,way
"Paris Street",,,,way
"Park Boulevard",,,,way
"Park Boulevard Trail",,,,way
"Park Hill Avenue",,,,way
"Park Presidio Boulevard",,,,way
"Park Presidio Bypass Drive",,,,way
"Park Street",,,,way
"Park Trail",,,,way
"Parker Avenue",,,,way
"Parkridge Drive",,,,way
"Parnassus Avenue",,,,way
"Parque Drive",,,,way
"Parsons Street",,,,way
"Pasadena Street",,,,way
"Path Street",,,,way
"Patterson Street",,,,way
"Patton Street",,,,way
"Paul Avenue",,,,way
"Paulding Street",,,,way
"Payson Street",,,,way
"Peabody Street",,,,way
"Pearl Street",,,,way
"Peek Lane",,,,way
"Pemberton Place",,,,way
"Pena Street",,,,way
"Peninsula Avenue",,,,way
"Pennsylvania Avenue",,,,way
"Peralta Avenue",,,,way
"Perego Terrace",,,,way
"Perry Street",,,,way
"Pershing Drive",,,,way
"Persia Avenue",,,,way
"Peru Avenue",,,,way
"Peter Macchiarini Steps",,,,way
"Peter Yorke Way",,,,way
"Peters Avenue",,,,way
"Phelps Street",,,,way
"Phil Arnold Trail",,,,way
"Philosopher's Way",,,,way
"Phoenix Terrace",,,,way
"Piazza Angelo",,,,way
"Piedmont Street",,,,way
"Pier 3 promenade",,,,way
"Pier 39",,,,way
"Pier 45",,,,way
"Pier 50",,,,way
"Pierpoint Lane",,,,way
"Pilgrim Avenue",,,,way
"Pine Street",,,,way
"Pinehurst Way",,,,way
"Pinto Avenue",,,,way
"Pioche Street",,,,way
"Piper Loop",,,,way
"Pixley Street",,,,way
"Pizarro Way",,,,way
"Plaza Street",,,,way
"Plum Street",,,,way
"Plymouth Avenue",,,,way
"Point Lobos Avenue",,,,way
"Polaris Way",,,,way
"Pomona Street",,,,way
"Pond Street",,,,way
"Pontiac Street",,,,way
"Pope Road",,,,way
"Pope Street",,,,way
"Poppy Lane",,,,way
"Portal Drive",,,,way
"Portal Path",,,,way
"Porter Street",,,,way
"Portola Street",,,,way
"Portsmouth Square",,,,way
"Post Street",,,,relation+way
"Potomac Street",,,,way
"Potrero Avenue",,,,way
"Powell Street",,,,way
"Powers Avenue",,,,way
"Powhattan Avenue",,,,way
"Prado Street",,,,way
"Prague Street",,,,way
"Precita Avenue",,,,way
"Prentiss Street",,,,way
"Presidio Avenue",,,,way
"Presidio Boulevard",,,,way
"Presidio Parkway",,,,way
"Presidio Promenade",,,,way
"Presidio Terrace",,,,way
"Pretor Way",,,,way
"Priest Street",,,,way
"Princeton Street",,,,way
"Progress Street",,,,way
"Prospect Avenue",,,,way
"Prosper Street",,,,way
"Public Park",,,,way
"Pueblo Street",,,,way
"Putnam Street",,,,way
"Quarry Road",,,,way
"Quartz Way",,,,way
"Quesada Avenue",,,,way
"Quickstep Lane",,,,way
"Quint Street",,,,way
"Quint-Jerrold Connector Road",,,,way
"Quintara Street",,,,way
"R Street",,,,way
"Raccoon Drive",,,,way
"Racine Lane",,,,way
"Radio Terrace",,,,way
"Rae Avenue",,,,way
"Raleigh Avenue",,,,way
"Ralston Avenue",,,,way
"Ralston Street",,,,way
"Ramsell Street",,,,way
"Randall Street",,,,way
"Randolph Street",,,,way
"Rankin Street",,,,way
"Rausch Street",,,,way
"Ravenwood Drive",,,,way
"Rawles Street",,,,way
"Rayburn Street",,,,way
"Raymond Avenue",,,,way
"Reardon Road",,,,way
"Rebecca Lane",,,,way
"Red Leaf Court",,,,way
"Red Rock",,,,relation
"Red Rock Way",,,,way
"Reddy Street",,,,way
"Redfield Alley",,,,way
"Redondo Street",,,,way
"Reed Street",,,,way
"Reeves Court",,,,way
"Regent Street",,,,way
"Reno Place",,,,way
"Reposa Way",,,,way
"Reservoir Street",,,,way
"Restani Way",,,,way
"Retiro Way",,,,way
"Reuel Court",,,,way
"Revere Avenue",,,,way
"Rex Avenue",,,,way
"Rey Street",,,,way
"Rhine Street",,,,way
"Rhode Island Street",,,,way
"Rice Street",,,,way
"Richards Circle",,,,way
"Richland Avenue",,,,way
"Rickard Street",,,,way
"Rico Way",,,,way
"Ridge Court",,,,way
"Ridge Lane",,,,way
"Ridgewood Avenue",,,,way
"Riley Avenue",,,,way
"Rincon Plaza",,,,way
"Rio Court",,,,way
"Rio Verde Street",,,,way
"Ripley Street",,,,way
"Rivas Avenue",,,,way
"Riverton Drive",,,,way
"Rivoli Street",,,,way
"Roanoke Street",,,,way
"Robblee Avenue",,,,way
"Robinhood Drive",,,,way
"Robinson Drive",,,,way
"Robinson Street",,,,way
"Rockaway Avenue",,,,way
"Rockdale Drive",,,,way
"Rockridge Drive",,,,way
"Rockwood Court",,,,way
"Rodriguez Street",,,,way
"Roemer Way",,,,way
"Roger Evans Terrace",,,,way
"Romain Street",,,,way
"Rome Street",,,,way
"Roosevelt Way",,,,way
"Roscoe Street",,,,way
"Rose Street",,,,way
"Rosella Court",,,,way
"Roselyn Terrace",,,,way
"Rosemary Court",,,,way
"Rosemont Place",,,,way
"Rosenkranz Street",,,,way
"Rosewood Drive",,,,way
"Rosie Lee Lane",,,,way
"Rossi Avenue",,,,way
"Rossmoor Drive",,,,way
"Rotteck Street",,,,way
"Rousseau Street",,,,way
"Ruckman Avenue",,,,way
"Rudden Avenue",,,,way
"Ruger Street",,,,way
"Russ Street",,,,way
"Russell Street",,,,way
"Russia Avenue",,,,way
"Russian Hill Place",,,,way
"Ruth Street",,,,way
"Rutland Street",,,,way
"Rutledge Street",,,,way
"Sacramento Street",,,,way
"Saddleback Drive",,,,way
"Sadowa Street",,,,way
"Safira Lane",,,,way
"Sagamore Street",,,,way
"Saint Charles Avenue",,,,way
"Saint Croix Drive",,,,way
"Saint Elmo Way",,,,way
"Saint Francis Boulevard",,,,way
"Saint Germain Avenue",,,,way
"Saint Joseph's Avenue",,,,way
"Saint Louis Alley",,,,way
"Saint Mary's Avenue",,,,way
"Saint Mary's Square",,,,way
"Sal Street",,,,way
"Sala Terrace",,,,way
"Salinas Avenue",,,,way
"Samoset Street",,,,way
"San Aleso Avenue",,,,way
"San Andreas Way",,,,way
"San Anselmo Avenue",,,,way
"San Benito Way",,,,way
"San Bruno Avenue",,,,way
"San Buenaventura Way",,,,way
"San Carlos Street",,,,way
"San Diego Avenue",,,,way
"San Felipe Avenue",,,,way
"San Fernando Way",,,,way
"San Francisco Bay Railroad",,,,way
"San Gabriel Avenue",,,,way
"San Jacinto Way",,,,way
"San Jose Avenue",,,,way
"San Juan Avenue",,,,way
"San Leandro Way",,,,way
"San Lorenzo Way",,,,way
"San Marcos Avenue",,,,way
"San Miguel Street",,,,way
"San Pablo Avenue",,,,way
"San Rafael Way",,,,way
"San Ramon Way",,,,way
"Sanchez Street",,,,way
"Sand Ladder",,,,way
"Sandpiper Cove Way",,,,way
"Sansome Street",,,,way
"Santa Ana Avenue",,,,way
"Santa Barbara Avenue",,,,way
"Santa Clara Avenue",,,,way
"Santa Cruz Avenue",,,,way
"Santa Fe Avenue",,,,way
"Santa Marina Street",,,,way
"Santa Monica Way",,,,way
"Santa Paula Avenue",,,,way
"Santa Rita Avenue",,,,way
"Santa Rosa Avenue",,,,way
"Santa Ynez Avenue",,,,way
"Santa Ysabel Avenue",,,,way
"Santiago Street",,,,way
"Santos Street",,,,way
"Sargent Street",,,,way
"Saroyan Place",,,,way
"Saturn Steps",,,,way
"Saturn Street",,,,way
"Sawyer Street",,,,way
"Scenic Way",,,,way
"Schofield Court",,,,way
"Schofield Road",,,,way
"Schwerin Street",,,,way
"Scotia Avenue",,,,way
"Sea View Terrace",,,,way
"Seacliff Avenue",,,,way
"Seal Rock Drive",,,,way
"Seals Plaza",,,,way
"Sears Street",,,,way
"Seawell Lane",,,,way
"Second Drive",,,,way
"Selma Way",,,,way
"Seminole Avenue",,,,way
"Seneca Avenue",,,,way
"Sequoia Way",,,,way
"Serrano Drive",,,,way
"Seville Street",,,,way
"Seward Street",,,,way
"Seymour Street",,,,way
"Shafter Road",,,,way
"Shakespeare Street",,,,way
"Sharon Street",,,,way
"Sharp Place",,,,way
"Shaw Alley",,,,way
"Shawnee Avenue",,,,way
"Sheldon Terrace",,,,way
"Sheridan Avenue",,,,way
"Sherman Road",,,,way
"Sherman Street",,,,way
"Sherwood Court",,,,way
"Sherwood Road Trail",,,,way
"Shields Street",,,,way
"Shipley Street",,,,way
"Shore View Avenue",,,,way
"Short Street",,,,way
"Shotwell Street",,,,way
"Shrader Street",,,,way
"Shriners Avenue",,,,way
"Sibert Lane",,,,way
"Sibert Loop",,,,way
"Sibley Road",,,,way
"Sickles Avenue",,,,way
"Sierra Street",,,,way
"Signal Road",,,,way
"Silliman Street",,,,way
"Silver Avenue",,,,way
"Silverview Drive",,,,way
"Sims Road",,,,way
"Skunk Alley",,,,way
"Skyline Boulevard",,,,way
"Skyview Way",,,,way
"Smith Lane",,,,way
"Sola Avenue",,,,way
"Somerset Street",,,,way
"Sonora Lane",,,,way
"Sotelo Avenue",,,,way
"Soule Lane",,,,way
"South Drive",,,,way
"South Hill Boulevard",,,,way
"South Hughes Lane",,,,way
"South Lake Merced Hill Street",,,,way
"South Park",,,,way
"South Ridge Trail",,,,way
"South Stadium Drive",,,,way
"South Van Horn Lane",,,,way
"Southern Connector Street",,,,way
"Southern Embarcadero Freeway",,,,way
"Southern Heights Avenue",,,,way
"Southwood Drive",,,,way
"Sparta Street",,,,way
"Spear Avenue",,,,way
"Spear Street",,,,way
"Spear Street Plaza",,,,way
"Springfield Drive",,,,way
"Sproule Lane",,,,way
"Spruce Street",,,,way
"St. Mary's Park Pedestrian Bridge",,,,way
"Stadium Drive",,,,way
"Stanford Heights Avenue",,,,way
"Stanley Street",,,,way
"Stanton Street",,,,way
"Stanyan Street",,,,way
"Staples Avenue",,,,way
"Starview Way",,,,way
"State Drive",,,,way
"States Street",,,,way
"Steep Ravine Trail",,,,way
"Steiner Street",,,,way
"Still Street",,,,way
"Stillings Avenue",,,,way
"Stillman Street",,,,way
"Stilwell Road",,,,way
"Stockton Tunnel",,,,way
"Stone Street",,,,way
"Stonecrest Drive",,,,way
"Stoneman Street",,,,way
"Stoneridge Lane",,,,way
"Stoneybrook Avenue",,,,way
"Stoneyford Avenue",,,,way
"Storey Avenue",,,,way
"Storrie Street",,,,way
"Stratford Drive",,,,way
"Striped Bass Street",,,,way
"Sturgeon Street",,,,way
"Summit Street",,,,way
"Summit Way",,,,way
"Sumner Avenue",,,,way
"Sunbeam Lane",,,,way
"Sunglow Lane",,,,way
"Sunnydale Avenue",,,,way
"Sunnyside Terrace",,,,way
"Sunrise Way",,,,way
"Sunset Blvd Bike Path",,,,way
"Sunset Boulevard",,,,way
"Sunview Drive",,,,way
"Surrey Street",,,,way
"Sussex Street",,,,way
"Sutro Baths Upper Trail",,,,way
"Sutro Tower Trail",,,,way
"Sutter Street",,,,relation
"Sweeny Street",,,,way
"Swiss Avenue",,,,way
"Sycamore Street",,,,way
"Sydney Way",,,,way
"Sylvan Drive",,,,way
"Tacoma Street",,,,way
"Talbert Street",,,,way
"Tamalpais Terrace",,,,way
"Tandang Sora Street",,,,way
"Tapia Drive",,,,way
"Tara Street",,,,way
"Taylor Road",,,,way
"Teddy Avenue",,,,way
"Temescal Terrace",,,,way
"Temple Street",,,,way
"Tennessee Hollow Trail",,,,way
"Tennessee Street",,,,relation+way
"Teresita Boulevard",,,,way
"Terra Vista Avenue",,,,way
"Terrace Drive",,,,way
"Terrace Walk",,,,way
"Terry A. François Boulevard",,,,relation
"Texas Street",,,,way
"The Agave Trail",,,,way
"The Agave Trail (Seasonal)",,,,way
"The Embarcadero",,,,way
"The Esplanade",,,,way
"The Nave",,,,way
"The Polo Field Cycling Track",,,,way
"Theresa Street",,,,way
"Thomas Avenue",,,,way
"Thomas Mellon Circle",,,,way
"Thomas More Way",,,,way
"Thor Avenue",,,,way
"Thornburg Road",,,,way
"Thornton Avenue",,,,way
"Thrift Street",,,,way
"Tiffany Avenue",,,,way
"Tillman Place",,,,way
"Timber Trail",,,,way
"Tingley Street",,,,way
"Tioga Avenue",,,,way
"Tocoloma Avenue",,,,way
"Todd Street",,,,way
"Toland Street",,,,way
"Toledo Way",,,,way
"Tomaso Court",,,,way
"Tompkins Avenue",,,,way
"Topaz Way",,,,way
"Topeka Avenue",,,,way
"Torney Avenue",,,,way
"Touchard Street",,,,way
"Towerside Avenue",,,,way
"Townsend Street",,,,relation+way
"Toyon Lane",,,,way
"Trainor Street",,,,way
"Transverse Drive",,,,way
"Transverse Drive Path",,,,way
"Transverse Drive Trail",,,,way
"Treasure Island Road",,,,way
"Treat Lane",,,,way
"Treat Way",,,,way
"Trinity Plaza",,,,way
"Trocadero Drive",,,,way
"Troop 88 Trail",,,,way
"Trumbull Street",,,,way
"Tubbs Street",,,,way
"Tucker Avenue",,,,way
"Tulane Street",,,,way
"Tunnel Avenue",,,,way
"Turk Boulevard",,,,way
"Turner Terrace",,,,way
"Turquoise Way",,,,way
"Tuscany Alley",,,,way
"Twin Peaks Connector Trail",,,,way
"Twin Peaks Ridge Trail",,,,way
"UPN Bikepath",,,,way
"Ulloa Street",,,,way
"Underwood Avenue",,,,way
"Union Square",,,,way
"Union Street",,,,way
"Unity Plaza",,,,way
"University Street",,,,way
"Upland Drive",,,,way
"Upper Great Highway",,,,way
"Upper Terrace",,,,way
"Upton Avenue",,,,way
"Upton Street",,,,way
"Uranus Terrace",,,,way
"Urbano Drive",,,,way
"Utah Street",,,,way
"Valdez Avenue",,,,way
"Vale Avenue",,,,way
"Valencia Street",,,,way
"Valencia Street Bikeway",,,,way
"Valerton Court",,,,way
"Vallejo Street Stairway",,,,way
"Valletta Court",,,,way
"Valley Street",,,,way
"Valmar Terrace",,,,way
"Valparaiso Street",,,,way
"Van Buren Street",,,,way
"Van Dyke Avenue",,,,way
"Van Keuran Avenue",,,,way
"Vandewater Street",,,,way
"Varela Avenue",,,,way
"Vasquez Avenue",,,,way
"Vega Street",,,,way
"Velasco Avenue",,,,way
"Ventura Avenue",,,,way
"Venus Street",,,,way
"Verdun Way",,,,way
"Vermont Street",,,,way
"Verna Street",,,,way
"Vernon Alley",,,,way
"Vernon Street",,,,way
"Vesta Street",,,,way
"Veterans Boulevard",,,,way
"Victoria Street",,,,way
"Victory Trail",,,,way
"Vidal Drive",,,,way
"Vienna Street",,,,way
"Villa Terrace",,,,way
"Virginia Avenue",,,,way
"Visitacion Avenue",,,,way
"Vista Access Road",,,,way
"Vista Lane",,,,way
"Vista Verde Court",,,,way
"Vista View Court",,,,way
"Vulcan Stairway",,,,way
"Wabash Terrace",,,,way
"Waithman Way",,,,way
"Walkway to Lake Merced",,,,way
"Wallace Avenue",,,,way
"Wallen Street",,,,way
"Waller Street",,,,way
"Walnut Street",,,,way
"Walter Street",,,,way
"Walter U. Lum Place",,,,way
"Waltham Street",,,,way
"Wanda Street",,,,way
"Ward Street",,,,way
"Warren Drive",,,,way
"Warriors Way",,,,way
"Washburn Street",,,,way
"Washington Boulevard",,,,way
"Watchman Way",,,,way
"Waterloo Street",,,,way
"Waterville Street",,,,way
"Watson Avenue",,,,way
"Watt Avenue",,,,way
"Waverly Place",,,,way
"Waverly Way",,,,way
"Wayland Street",,,,way
"Webb Place",,,,way
"Wedemeyer Street",,,,way
"West Broadway",,,,way
"West Campus Green",,,,way
"West Clay Street",,,,way
"West Pacific Avenue",,,,way
"West Point Road",,,,way
"West Portal Avenue",,,,way
"West Ridge Trail",,,,way
"West View Avenue",,,,way
"Westbrook Court",,,,way
"Western Shore Lane",,,,way
"Westgate Drive",,,,way
"Westmoorland Drive",,,,way
"Weston Court",,,,way
"Westside Drive",,,,way
"Westwood Drive",,,,way
"Whaleship Plaza",,,,way
"Wheat Street",,,,way
"Wheeler Avenue",,,,way
"Whipple Avenue",,,,way
"White Street",,,,way
"Whitecliff Way",,,,way
"Whitfield Court",,,,way
"Whiting Way",,,,way
"Whitney Street",,,,way
"Whitney Young Circle",,,,way
"Whittier Street",,,,way
"Wilde Avenue",,,,way
"Wilder Street",,,,way
"Wildwood Way",,,,way
"Willard Street",,,,way
"Willard Street North",,,,way
"Williams Avenue",,,,way
"Williar Avenue",,,,way
"Willie B Kennedy Drive",,,,way
"Willow Street",,,,way
"Wills Street",,,,way
"Wilson Street",,,,way
"Winding Way",,,,way
"Winfield Street",,,,way
"Winston Drive",,,,way
"Wisconsin Street",,,,way
"Wood Street",,,,way
"Woodacre Drive",,,,way
"Woodhaven Court",,,,way
"Woodland Avenue",,,,way
"Woodside Avenue",,,,way
"Woodward Street",,,,way
"Wool Court",,,,way
"Wool Street",,,,way
"Woolsey Street",,,,way
"Worcester Avenue",,,,way
"Worth Street",,,,way
"Wright Court",,,,way
"Wright Loop",,,,way
"Wright Street",,,,way
"Wyman Avenue",,,,way
"Wyton Lane",,,,way
"Yale Street",,,,way
"Yerba Buena Avenue",,,,way
"Yerba Buena Drive",,,,way
"Yerba Buena Lane",,,,way
"Yerba Buena Public Square",,,,way
"Yerba Buena Road",,,,way
"Yorba Lane",,,,way
"York Street",,,,way
"Yosemite Avenue",,,,way
"Young Court",,,,way
"Yukon Street",,,,way
"Zircon Place",,,,way
